{"franka_0": [-3.180799961090088, 9.199999809265137, 0.7300000190734863, 0.0, 0.0, 0.923879535089083, 0.38268342614173884], "aliengo_0": [-0.8500000238418579, 8.600000381469727, 0.4000000059604645, 0.0, 0.0, 0.0, 1.0, -0.6500001549720764, 8.600000381469727, 0.4599999487400055, 0.0, 0.0, 0.0, 1.0], "quadrotor_0": [0.30000001192092896, 8.079999923706055, 0.800000011920929, 0.0, 0.0, 0.0, 1.0]}