{"franka_0": [15.75786018371582, 11.728440284729004, 0.9599999785423279, 0.0, 0.0, 0.9860515395873015, -0.1664402633905411], "aliengo_0": [4.599999904632568, 1.9500000476837158, 0.4000000059604645, 0.0, 0.0, 0.7070000171661377, 0.7070000171661377, 4.5999395143993285, 2.149999847831393, 0.4599999785423279, 0.0, 0.0, 0.7072135290893982, 0.7070000171661377], "quadrotor_0": [15.329520225524902, 11.92123031616211, 0.949999988079071, 0.0, 0.0, 0.7071067690849304, 0.7071067690849304], "kebab_cewhbv_0": [15.238067626953125, 11.3857421875, 1.1434614658355713, 0.3267394391540714, 0.7949886354076492, 0.08706985054521944, 0.5036400000000001]}