{"franka_0": [-1.149999976158142, 7.552999973297119, 0.7799999713897705, 0.0, 0.0, 0.0, 1.0], "aliengo_0": [2.9462499618530273, 7.3694000244140625, 0.4000000059604645, 0.0, 0.0, 0.0, 1.0, 3.146249771118164, 7.3694000244140625, 0.4599999487400055, 0.0, 0.0, 0.0, 1.0], "quadrotor_0": [1.7745543718338013, 7.0, 0.05000000074505806, 0.0, 0.0, 0.7071067932881644, 0.7071067690849304], "door_duymuw_0": [1.7745543718338013, 2.3250746726989746, 1.1510995626449585, 0.0, 0.0, 0.707106782373095, 0.70710678], "door_duymuw_1": [0.6894515156745911, 2.3250746726989746, 1.1510995626449585, 0.0, 0.0, 0.707106782373095, 0.70710678], "apple_agveuv_0": [3.5979461669921875, 7.3694, 0.43435, 0.0, 0.0, 0.0, 1.0], "orange_nlygru_0": [3.5979461669921875, 7.5694, 0.43435, 0.0, 0.0, 0.0, 1.0], "wicker_basket_dgkhyn_0": [-0.55, 7.78176, 0.81639, 0.0, 0.0, 0.0, 1.0]}