{"franka_0": [-2.240000009536743, -2.174999952316284, 0.9200000166893005, 0.0, 0.0, 0.7071067932881641, 0.7071067690849309], "aliengo_0": [-1.2999999523162842, 0.25, 0.4000000059604645, 0.0, 0.0, 0.7071067932881645, -0.7071067690849303, -1.3000037670135498, 0.05000145733356476, 0.46000039577484125, 9.36687887344843e-10, 3.658937059940793e-10, -0.7071067089974632, 0.7071068533756245], "quadrotor_0": [-0.4000000059604645, -2.0, 0.8500000238418579, 0.0, 0.0, 0.0, 1.0]}