{"franka_0": [2.809999942779541, 5.539999961853027, 1.238507866859436, 0.0, 0.0, 0.7071067932881645, -0.7071067690849303], "aliengo_0": [-2.430000066757202, -9.199999809265137, 3.0, 0.0, 0.0, 0.0, 1.0, -2.2300002574920654, -9.199999809265137, 3.059999942779541, 0.0, 0.0, 0.0, 1.0], "quadrotor_0": [-2.430000066757202, -9.199999809265137, 3.5, 0.0, 0.0, 0.0, 1.0]}